city,state_code,state_name,dist_code,population_total,population_male,population_female,literates_total,literates_male,literates_female,sex_ratio,effective_literacy_rate_total,effective_literacy_rate_male,effective_literacy_rate_female,total_graduates,male_graduates,female_graduates
Abohar ,3,PUNJAB,9,145238,76840,68398,103319,58347,44972,890,79.86,85.49,73.59,16287,8612,7675
Achalpur ,27,MAHARASHTRA,7,112293,58256,54037,92433,49347,43086,928,91.99,94.77,89,8863,5269,3594
Adilabad ,28,ANDHRA PRADESH,1,117388,59232,58156,83955,46295,37660,982,80.51,88.18,72.73,10565,6797,3768
Adityapur ,20,JHARKHAND,24,173988,91495,82493,125985,71470,54515,902,83.46,89.98,76.23,19225,12189,7036
Adoni ,28,ANDHRA PRADESH,21,166537,82743,83794,101292,56203,45089,1013,68.38,76.58,60.33,11902,7871,4031
Agartala ,16,TRIPURA,1,399688,199616,200072,343633,174524,169109,1002,93.88,95.75,92.02,52711,30215,22496
Agra ,9,UTTAR PRADESH,15,1574542,849771,724771,880530,503805,376725,853,63.44,67.67,58.54,185813,106082,79731
Ahmadabad ,24,GUJARAT,7,5570585,2935869,2634716,4464303,2459823,2004480,897,89.62,93.96,84.81,769858,435267,334591
Ahmadnagar ,27,MAHARASHTRA,26,350905,179755,171150,287468,152819,134649,952,91.49,95.51,87.33,51661,29832,21829
Aizawl ,15,MIZORAM,3,291822,143803,148019,253588,125256,128332,1029,98.8,99.3,98.31,26832,14900,11932
Ajmer ,8,RAJASTHAN,21,542580,278786,263794,422913,230586,192327,946,87.53,93.26,81.53,77989,42454,35535
Akbarpur ,9,UTTAR PRADESH,47,111594,57560,54034,75062,42208,32854,939,76.94,83.89,69.54,9745,5811,3934
Akola ,27,MAHARASHTRA,5,427146,218184,208962,347687,183594,164093,958,91.34,94.78,87.77,49715,28812,20903
Alandur ,33,TAMIL NADU,3,164162,82190,81972,142415,72755,69660,997,95.15,97.2,93.1,45971,25463,20508
Alappuzha ,32,KERALA,11,174164,83888,90276,153269,74454,78815,1076,96.56,98.03,95.21,22263,9900,12363
Aligarh ,9,UTTAR PRADESH,12,872575,463123,409452,533969,303886,230083,884,70.36,75.5,64.55,99341,55965,43376
Allahabad ,9,UTTAR PRADESH,44,1117094,601363,515731,877590,493181,384409,858,86.5,90.21,82.17,233129,138248,94881
Alwar ,8,RAJASTHAN,6,315310,166900,148410,243634,138737,104897,889,86.78,93.72,79.05,58764,35297,23467
Ambala ,6,HARYANA,2,196216,103533,92683,155780,85004,70776,895,88.23,91.58,84.51,34943,17809,17134
Ambala Sadar ,6,HARYANA,2,104268,54241,50027,83236,43444,39792,922,87.97,88.66,87.22,20618,10689,9929
Ambarnath ,27,MAHARASHTRA,21,254003,133006,120997,201707,111273,90434,910,89.04,93.82,83.78,26596,14444,12152
Ambattur ,33,TAMIL NADU,1,478134,241181,236953,401253,208748,192505,982,92.69,95.71,89.62,97186,52224,44962
Ambikapur ,22,CHHATTISGARH,2,114575,59673,54902,89590,48950,40640,920,88.2,92.73,83.29,20857,12369,8488
Ambur ,33,TAMIL NADU,4,113856,56052,57804,88309,45439,42870,1031,86.83,91.18,82.65,7813,5076,2737
Amravati ,27,MAHARASHTRA,7,646801,330544,316257,543568,284490,259078,957,93.03,95.52,90.44,91996,51456,40540
Amreli ,24,GUJARAT,13,105980,55166,50814,85975,46721,39254,921,89.47,93.85,84.75,11305,6579,4726
Amritsar ,3,PUNJAB,15,1132761,602754,530007,872527,478062,394465,879,85.27,88.09,82.09,140359,69241,71118
Amroha ,9,UTTAR PRADESH,6,197135,102804,94331,108772,60621,48151,918,63.88,68.11,59.24,13879,7635,6244
Anand ,24,GUJARAT,15,197351,102359,94992,166211,88444,77767,928,93.71,96.42,90.82,29803,17331,12472
Anantapur ,28,ANDHRA PRADESH,22,262340,131506,130834,195452,105452,90000,995,81.88,88.54,75.24,43700,27392,16308
Anantnag ,1,JAMMU & KASHMIR,14,108505,56030,52475,71408,39591,31817,937,78.95,85.33,72.23,12666,7291,5375
Arrah ,10,BIHAR,29,261099,139319,121780,189080,107822,81258,874,83.41,89.14,76.86,35354,25045,10309
Asansol ,19,WEST BENGAL,9,564491,293748,270743,431300,236683,194617,922,84.82,89.52,79.73,65625,40231,25394
Ashoknagar Kalyangarh ,19,WEST BENGAL,11,123906,62554,61352,106337,55398,50939,981,92.45,95.53,89.32,11992,7093,4899
Aurangabad ,10,BIHAR,33,101520,53307,48213,75796,42338,33458,904,86.89,92.52,80.68,13141,9371,3770
Aurangabad ,27,MAHARASHTRA,19,1171330,610377,560953,908725,497404,411321,919,89.13,94.08,83.81,159308,96576,62732
Avadi ,33,TAMIL NADU,1,344701,175055,169646,275881,145729,130152,969,88.63,92.2,84.94,51647,27742,23905
Azamgarh ,9,UTTAR PRADESH,60,110980,58033,52947,85008,46587,38421,912,86.43,90.91,81.56,19911,11691,8220
Badlapur ,27,MAHARASHTRA,21,175516,91695,83821,146259,78910,67349,914,92.38,95.53,88.94,25115,13878,11237
Bagaha ,10,BIHAR,1,113012,59946,53066,56998,34751,22247,885,60.67,69.3,50.79,3744,2756,988
Bagalkot ,29,KARNATAKA,2,112068,56837,55231,85860,46623,39237,972,86.15,92.58,79.58,14090,9038,5052
Bahadurgarh ,6,HARYANA,15,170426,91736,78690,132108,75714,56394,858,88.04,94.27,80.87,22521,13025,9496
Baharampur ,19,WEST BENGAL,7,195363,100431,94932,164445,86535,77910,945,90.29,92.36,88.09,32154,19679,12475
Bahraich ,9,UTTAR PRADESH,49,186241,98529,87712,122602,66544,56058,890,75.03,76.94,72.87,20490,11537,8953
Baidyabati ,19,WEST BENGAL,12,121081,62550,58531,100590,53217,47373,936,89.08,91.15,86.86,17224,10311,6913
Baleshwar Town ,21,ORISSA,8,118202,60308,57894,95084,50372,44712,960,88.79,92.22,85.22,23170,14071,9099
Ballia ,9,UTTAR PRADESH,62,104271,55706,48565,80964,45467,35497,872,86.62,91.07,81.51,16114,10252,5862
Bally ,19,WEST BENGAL,15,291972,156734,135238,216902,119508,97394,863,83.39,84.07,82.56,36100,22170,13930
Bally City,19,WEST BENGAL,15,115715,59951,55764,95665,51534,44131,930,90.14,93.58,86.43,12354,7562,4792
Balurghat ,19,WEST BENGAL,5,151183,75677,75506,130230,66954,63276,998,91.85,94.41,89.28,23732,14538,9194
Banda ,9,UTTAR PRADESH,39,154388,82215,72173,113857,64871,48986,878,83.3,89.03,76.75,24015,15215,8800
Bankura ,19,WEST BENGAL,13,138036,70734,67302,111073,60272,50801,951,87.27,92.4,81.88,19082,12321,6761
Bansberia ,19,WEST BENGAL,12,103799,53807,49992,81514,44671,36843,929,85.73,90.63,80.46,8566,5264,3302
Banswara ,8,RAJASTHAN,27,100128,51240,48888,76438,41404,35034,954,86.98,92.76,81.01,13852,7837,6015
Baran ,8,RAJASTHAN,30,118157,61360,56797,83879,48209,35670,926,81.19,90.08,71.64,11553,7362,4191
Baranagar ,19,WEST BENGAL,11,248466,128432,120034,215849,114347,101502,935,92.46,94.72,90.04,49711,28274,21437
Barasat ,19,WEST BENGAL,11,283443,143732,139711,236881,123692,113189,972,90.42,93.14,87.62,45516,27143,18373
Baraut ,9,UTTAR PRADESH,8,102733,54521,48212,69559,39900,29659,884,77.98,84.65,70.51,12672,7191,5481
Barddhaman ,19,WEST BENGAL,9,314638,160631,154007,260564,138067,122497,959,89.07,92.52,85.48,52387,32325,20062
Bareilly ,9,UTTAR PRADESH,19,898167,477438,420729,563619,316385,247234,881,70.17,74.06,65.75,110691,61065,49626
Baripada Town ,21,ORISSA,7,110058,57008,53050,89421,48388,41033,931,89.31,93.45,84.88,17589,10953,6636
Barnala ,3,PUNJAB,20,116454,62302,54152,82347,46100,36247,869,79.59,83.51,75.1,12665,6213,6452
Barrackpur ,19,WEST BENGAL,11,154475,79507,74968,128459,68159,60300,943,89.33,92.16,86.33,29910,17514,12396
Barshi ,27,MAHARASHTRA,30,118573,60857,57716,91260,49965,41295,948,86.47,92.88,79.8,13351,8564,4787
Basirhat ,19,WEST BENGAL,11,127135,64397,62738,102737,53913,48824,974,88.25,91.54,84.88,20037,12083,7954
Basti ,9,UTTAR PRADESH,54,114651,60126,54525,87065,48473,38592,907,85.29,90.46,79.57,20183,12071,8112
Batala ,3,PUNJAB,1,156400,82459,73941,121138,66101,55037,897,85.49,88.81,81.81,16436,8120,8316
Bathinda ,3,PUNJAB,12,285813,151782,134031,211318,118888,92430,883,82.84,87.86,77.16,43428,22471,20957
Beawar ,8,RAJASTHAN,21,145809,74946,70863,110111,61229,48882,946,85.96,93.44,78.12,13767,8257,5510
Begusarai ,10,BIHAR,20,251136,133931,117205,169161,96459,72702,875,79.35,84.67,73.25,24616,16492,8124
Belgaum ,29,KARNATAKA,1,488292,246407,241885,396736,208546,188190,982,90.49,94.51,86.41,64200,37682,26518
Bellary ,29,KARNATAKA,11,409644,206026,203618,281768,153275,128493,988,78.26,84.83,71.64,36855,23011,13844
Bengaluru,29,KARNATAKA,18,8425970,4401299,4024671,6775942,3664959,3110983,914,89.59,92.63,86.25,1591163,908363,682800
Bettiah ,10,BIHAR,1,132896,70381,62515,94663,52547,42116,888,82.54,86.57,78,13438,9372,4066
Betul ,23,MADHYA PRADESH,30,103341,52902,50439,83356,44429,38927,953,90.27,94.27,86.11,17125,9918,7207
Bhadrak ,21,ORISSA,9,107369,55094,52275,76928,41628,35300,949,80.88,85.29,76.23,13311,8191,5120
Bhadravati ,29,KARNATAKA,14,150776,75020,75756,118446,62199,56247,1010,86.6,91.56,81.7,12406,7066,5340
Bhadreswar ,19,WEST BENGAL,12,101334,53318,48016,80249,44493,35756,901,86.89,91.47,81.8,9225,5743,3482
Bhagalpur ,10,BIHAR,22,398138,212005,186133,279469,157049,122420,878,81.16,85.38,76.31,49656,33692,15964
Bhalswa Jahangir Pur ,7,NCT OF DELHI,1,197150,106271,90879,130417,76114,54303,855,76.94,83.1,69.71,8348,5164,3184
Bharatpur ,8,RAJASTHAN,7,252109,134088,118021,181159,105642,75517,880,82.13,90.41,72.8,33411,20734,12677
Bharuch ,24,GUJARAT,21,168729,86887,81842,133796,71671,62125,942,87.66,91.32,83.79,14059,8210,5849
Bhatpara ,19,WEST BENGAL,11,390467,207876,182591,307362,172042,135320,878,85.86,90.08,81.04,29055,18147,10908
Bhavnagar ,24,GUJARAT,14,593768,309447,284321,455242,251860,203382,919,85.62,91.36,79.44,51875,30315,21560
Bhilai Nagar ,22,CHHATTISGARH,10,625697,322254,303443,487242,267487,219755,942,87.23,93.12,80.99,81620,43751,37869
Bhilwara ,8,RAJASTHAN,24,360009,187952,172057,264762,150306,114456,915,84.27,91.8,76.08,41788,24856,16932
Bhimavaram ,28,ANDHRA PRADESH,15,142280,70066,72214,108535,55523,53012,1031,83.41,86.87,80.07,18298,11541,6757
Bhind ,23,MADHYA PRADESH,3,197332,105394,91938,145530,83903,61627,872,84.2,91.12,76.3,20470,13748,6722
Bhiwadi ,8,RAJASTHAN,6,104883,59757,45126,70987,44697,26290,755,80.67,88.2,70.44,10135,6331,3804
Bhiwandi ,27,MAHARASHTRA,21,711329,418478,292851,507722,314906,192816,700,81.53,84.5,77.11,24688,14404,10284
Bhiwani ,6,HARYANA,13,197662,105372,92290,147807,84028,63779,876,84.39,90.42,77.56,28123,17068,11055
Bhopal ,23,MADHYA PRADESH,27,1795648,939560,856088,1354219,741737,612482,911,85.24,89.19,80.9,282813,155418,127395
Bhubaneswar Town ,21,ORISSA,17,837737,445233,392504,710243,388164,322079,882,93.15,95.69,90.26,200788,121563,79225
Bhuj ,24,GUJARAT,1,147123,77900,69223,114822,64172,50650,889,87.5,92.29,82.1,16457,9536,6921
Bhusawal ,27,MAHARASHTRA,3,187750,96655,91095,152103,81544,70559,942,90.37,94.64,85.89,19815,11257,8558
Bid ,27,MAHARASHTRA,27,146237,75655,70582,112171,61135,51036,933,88.56,94.01,82.81,19030,12252,6778
Bidar ,29,KARNATAKA,4,211944,109435,102509,163781,89472,74309,937,87.65,92.88,82.08,25910,16824,9086
Bidhan Nagar ,19,WEST BENGAL,11,218323,111363,106960,185885,97604,88281,960,90.44,93.08,87.69,65863,35756,30107
Biharsharif ,10,BIHAR,27,296889,154915,141974,189420,110247,79173,916,74.8,83.42,65.39,28092,20487,7605
Bijapur ,29,KARNATAKA,3,326360,165122,161238,239631,128615,111016,976,83.43,88.92,77.86,37265,24355,12910
Bikaner ,8,RAJASTHAN,3,647804,340894,306910,451663,259367,192296,900,79.86,87.15,71.77,73369,44965,28404
Bilaspur ,22,CHHATTISGARH,7,330106,169738,160368,260654,141169,119485,945,88.76,93.76,83.51,67396,38607,28789
Bokaro Steel City ,20,JHARKHAND,10,413934,220088,193846,310127,179188,130939,881,84.94,92.35,76.54,61034,39496,21538
Bongaon ,19,WEST BENGAL,11,110668,56416,54252,92253,48799,43454,962,90.25,93.79,86.58,10286,6684,3602
Botad ,24,GUJARAT,14,130302,67778,62524,94563,53275,41288,922,83.21,90.47,75.4,4578,2997,1581
Brahmapur Town ,21,ORISSA,19,355823,185584,170239,293818,159550,134268,917,90.04,93.83,85.92,50782,32587,18195
Budaun ,9,UTTAR PRADESH,18,159221,83475,75746,101914,56012,45902,907,73,76.67,68.97,19204,10705,8499
Bulandshahr ,9,UTTAR PRADESH,11,222826,116923,105903,153135,86408,66727,906,78.98,85.53,71.86,32546,18503,14043
Bundi ,8,RAJASTHAN,23,102823,53299,49524,75482,42642,32840,929,83.15,90.96,74.81,13148,8081,5067
Burari ,7,NCT OF DELHI,2,145584,77767,67817,113188,64125,49063,872,88.81,94.36,82.47,17914,11136,6778
Burhanpur ,23,MADHYA PRADESH,50,210891,108234,102657,149339,80909,68430,948,81.7,86.44,76.73,15203,9325,5878
Buxar ,10,BIHAR,30,102591,54123,48468,75752,42601,33151,896,85.16,90.91,78.76,12464,8920,3544
Champdani ,19,WEST BENGAL,12,110983,59296,51687,81883,46888,34995,872,82.39,88,75.91,7167,4654,2513
Chandannagar ,19,WEST BENGAL,12,166949,84257,82692,141572,73393,68179,981,90.62,93.21,87.98,30933,17942,12991
Chandausi ,9,UTTAR PRADESH,4,114254,60238,54016,72515,40323,32192,897,72.63,76.79,68.02,15436,8436,7000
Chandigarh ,4,CHANDIGARH,1,960787,525226,435561,743254,426071,317183,829,86.77,90.81,81.88,189312,101491,87821
Chandrapur ,27,MAHARASHTRA,13,321036,165125,155911,263962,142528,121434,944,90.81,95.53,85.83,37686,21317,16369
Chapra ,10,BIHAR,17,201597,106250,95347,141403,78956,62447,897,81.3,86.07,75.97,22852,15710,7142
Chas ,20,JHARKHAND,10,141618,75027,66591,105417,60459,44958,888,85.12,92.16,77.19,15277,10431,4846
Chennai ,33,TAMIL NADU,2,4681087,2357633,2323454,3850472,2004498,1845974,986,90.33,93.47,87.16,879695,487428,392267
Chhattarpur ,23,MADHYA PRADESH,8,133626,70586,63040,99154,55244,43910,893,84.57,89.43,79.16,20807,12484,8323
Chhindwara ,23,MADHYA PRADESH,38,138266,70444,67822,112532,59892,52640,963,90.37,94.49,86.1,28233,16058,12175
Chikmagalur ,29,KARNATAKA,16,118496,58859,59637,96586,49742,46844,1013,89.79,93.39,86.26,13204,7441,5763
Chilakaluripet ,28,ANDHRA PRADESH,17,101550,50201,51349,66336,36472,29864,1023,72.08,80.54,63.89,9526,6302,3224
Chitradurga ,29,KARNATAKA,12,139914,70304,69610,111514,58257,53257,990,88.76,92.54,84.97,16857,10213,6644
Chittaurgarh ,8,RAJASTHAN,28,116409,60229,56180,86945,48624,38321,933,84.96,92.17,77.28,16833,9875,6958
Chittoor ,28,ANDHRA PRADESH,23,153766,76566,77200,121094,63681,57413,1008,86.37,91.69,81.16,21345,12973,8372
Churu ,8,RAJASTHAN,4,119846,61771,58075,77751,46055,31696,940,75.11,86.48,63.07,8756,5873,2883
Coimbatore ,33,TAMIL NADU,31,1061447,531017,530430,885471,457982,427489,999,91.74,95.02,88.47,168145,87123,81022
Cuddalore ,33,TAMIL NADU,16,173361,85593,87768,139388,72083,67305,1025,88.54,93.08,84.15,21572,12022,9550
Cuttack ,21,ORISSA,12,606007,303530,302477,508188,272257,235931,997,91.17,97.87,84.49,110147,66347,43800
Dabgram ,19,WEST BENGAL,2,118464,60708,57756,76930,42781,34149,951,73.98,80.29,67.34,2532,1703,829
Dallo Pura ,7,NCT OF DELHI,4,154955,81425,73530,111514,62799,48715,903,81.92,87.88,75.34,17134,9918,7216
Damoh ,23,MADHYA PRADESH,11,124979,65133,59846,96043,53052,42991,919,87.1,92.34,81.4,16544,9740,6804
Darbhanga ,10,BIHAR,13,294116,154970,139146,205203,115620,89583,898,80.88,86.43,74.68,38605,26731,11874
Darjiling ,19,WEST BENGAL,1,120414,60114,60300,107242,54710,52532,1003,94.18,96.53,91.85,16319,8829,7490
Datia ,23,MADHYA PRADESH,5,100466,52931,47535,71071,40482,30589,898,80.54,87.29,73.06,12717,7960,4757
Davanagere ,29,KARNATAKA,13,435128,220544,214584,331551,175747,155804,973,84.89,88.92,80.76,40740,24921,15819
Deesa ,24,GUJARAT,2,111149,58724,52425,78219,45479,32740,893,80.67,89.29,71.14,5933,3946,1987
Dehradun ,5,UTTARAKHAND,5,578420,303411,275009,463791,251832,211959,906,89.32,92.65,85.66,136036,70607,65429
Dehri ,10,BIHAR,32,137068,72311,64757,98968,56416,42552,896,83.38,89.92,76.05,14780,10297,4483
Delhi ,7,NCT OF DELHI,99,11007835,5871362,5136473,8583105,4776490,3806615,875,87.6,91.44,83.2,2221137,1210040,1011097
Delhi Cantonment ,7,NCT OF DELHI,8,116352,67703,48649,93971,57144,36827,719,91.11,94.54,86.26,17317,9653,7664
Deoghar ,20,JHARKHAND,5,203116,108243,94873,153807,87540,66267,876,86.8,92.8,79.98,27126,19215,7911
Deoli ,7,NCT OF DELHI,9,169410,91173,78237,123167,72062,51105,858,83.85,91.02,75.47,13046,8694,4352
Deoria ,9,UTTAR PRADESH,59,129570,67754,61816,102802,56719,46083,912,88.81,93.73,83.43,25206,15782,9424
Dewas ,23,MADHYA PRADESH,20,289438,150193,139245,218877,122388,96489,927,85.83,92.66,78.49,29848,17581,12267
Dhanbad ,20,JHARKHAND,9,1161561,615589,545972,820008,473787,346221,887,80.78,87.93,72.69,104768,69321,35447
Dharmavaram ,28,ANDHRA PRADESH,22,121992,62186,59806,79037,45025,34012,962,71.83,80.77,62.66,7560,5236,2324
Dhaulpur ,8,RAJASTHAN,8,126142,67740,58402,83405,49087,34318,862,76.56,84.22,67.74,11782,7680,4102
Dhule ,27,MAHARASHTRA,2,376093,193854,182239,298693,160511,138182,940,89.86,94.08,85.4,38164,23320,14844
Dibrugarh ,18,ASSAM,11,138661,72044,66617,113822,60782,53040,925,89.77,92.19,87.14,20878,12225,8653
Dimapur ,13,NAGALAND,5,123777,65017,58760,95646,51604,44042,904,87.48,89.48,85.24,12902,7442,5460
Dinapur Nizamat ,10,BIHAR,28,182241,97129,85112,123199,70786,52413,876,78.4,84.54,71.39,19777,13707,6070
Dindigul ,33,TAMIL NADU,11,207225,102927,104298,171130,88360,82770,1013,90.55,94.38,86.79,23327,12660,10667
Dum Dum ,19,WEST BENGAL,11,117637,61039,56598,103757,54153,49604,927,93.51,94.09,92.88,25287,14288,10999
Durg ,22,CHHATTISGARH,10,268679,136537,132142,210639,113866,96773,968,87.94,93.72,82,38428,21409,17019
Durgapur ,19,WEST BENGAL,9,566937,294349,272588,453604,247176,206428,926,87.84,92.1,83.23,80060,47809,32251
Eluru ,28,ANDHRA PRADESH,15,214414,105707,108707,145516,74521,70995,1028,74.13,77.1,71.26,23523,14252,9271
English Bazar ,19,WEST BENGAL,6,216083,115126,100957,154875,82428,72447,877,84.69,85.44,83.86,28983,17393,11590
Erode ,33,TAMIL NADU,9,156953,78094,78859,126638,66307,60331,1010,88.39,93.18,83.65,19615,11114,8501
Etah ,9,UTTAR PRADESH,70,118632,62966,55666,90289,50001,40288,884,86.43,90.4,81.96,21588,13031,8557
Etawah ,9,UTTAR PRADESH,30,256790,135829,120961,188887,104612,84275,891,82.89,86.95,78.35,38404,22962,15442
Faizabad ,9,UTTAR PRADESH,46,167544,87279,80265,130700,70243,60457,920,86.52,89.34,83.45,30658,17077,13581
Faridabad ,6,HARYANA,20,1404653,750446,654207,1042168,592024,450144,872,84.88,90.44,78.53,219974,123138,96836
Farrukhabad-cum-Fatehgarh ,9,UTTAR PRADESH,28,275754,145515,130239,182356,101282,81074,895,74.92,79.02,70.35,31160,18099,13061
Fatehpur ,9,UTTAR PRADESH,41,193801,101620,92181,133418,74561,58857,907,77.69,83.06,71.82,25076,15061,10015
Firozabad ,9,UTTAR PRADESH,16,603797,321624,282173,365347,208434,156913,877,70.08,74.95,64.5,36145,21265,14880
Firozpur ,3,PUNJAB,9,110091,58401,51690,78615,43468,35147,885,79.75,83.37,75.69,14939,7455,7484
Gadag-Betigeri ,29,KARNATAKA,7,172813,86165,86648,132094,70035,62059,1006,85.56,91.37,79.82,15926,9941,5985
Gandhidham ,24,GUJARAT,1,248705,132388,116317,181253,104073,77180,879,83.34,89.69,76.08,24431,14049,10382
Gandhinagar ,24,GUJARAT,6,208299,109479,98820,177510,95640,81870,903,93.7,96.55,90.57,52343,31129,21214
Ganganagar ,8,RAJASTHAN,1,224773,120929,103844,166449,95374,71075,859,83.22,88.9,76.65,34347,19007,15340
Gangapur City ,8,RAJASTHAN,10,119045,62910,56135,82132,49231,32901,892,79.78,90.8,67.52,9850,6727,3123
Gangawati ,29,KARNATAKA,6,105354,52678,52676,70630,39027,31603,1000,76.58,84.9,68.31,6927,4549,2378
Gaya ,10,BIHAR,34,463454,245764,217690,346747,194377,152370,886,85.74,90.49,80.35,56679,38831,17848
Ghazipur ,9,UTTAR PRADESH,64,110698,58126,52572,83755,46530,37225,904,85.46,90.61,79.79,18840,11418,7422
Giridih ,20,JHARKHAND,4,114447,59924,54523,84897,46689,38208,910,85.75,90.18,80.9,15112,10138,4974
Godhra ,24,GUJARAT,17,143126,73868,69258,111571,60797,50774,938,88.72,93.79,83.32,12053,7571,4482
Gokal Pur ,7,NCT OF DELHI,3,121938,64935,57003,90904,51785,39119,878,85.24,91.41,78.26,15993,9445,6548
Gonda ,9,UTTAR PRADESH,52,114353,58484,55869,82739,45825,36914,955,81.07,88.11,73.75,17212,10185,7027
Gondal ,24,GUJARAT,9,112064,58417,53647,86139,47112,39027,918,85.73,90.5,80.61,10557,6003,4554
Gondiya ,27,MAHARASHTRA,11,132889,66756,66133,112490,58721,53769,991,93.7,97.7,89.69,18563,10175,8388
Gorakhpur ,9,UTTAR PRADESH,57,671048,353550,317498,523441,290760,232681,898,85.97,90.7,80.72,123723,73116,50607
Greater Hyderabad ,28,ANDHRA PRADESH,99,6809970,3500802,3309168,5047705,2688111,2359594,945,82.96,85.96,79.79,1164149,685402,478747
Greater Mumbai ,27,MAHARASHTRA,99,12478447,6736815,5741632,10237586,5727774,4509812,852,90.28,93.32,86.7,1802371,964964,837407
Greater Noida ,9,UTTAR PRADESH,10,107676,58662,49014,79757,45878,33879,836,86.54,91.48,80.65,20791,11844,8947
Gudivada ,28,ANDHRA PRADESH,16,118289,58941,59348,89009,46529,42480,1007,82.16,86.39,77.98,12523,7411,5112
Gulbarga ,29,KARNATAKA,25,532031,272451,259580,387470,210817,176653,953,83.71,89.19,77.99,65039,40331,24708
Guna ,23,MADHYA PRADESH,41,180978,94645,86333,128463,73169,55294,912,81.71,89.24,73.5,22104,13416,8688
Guntakal ,28,ANDHRA PRADESH,22,126479,62695,63784,86197,47471,38726,1017,75.7,84.47,67.16,11626,7398,4228
Guntur ,28,ANDHRA PRADESH,17,651382,323151,328231,480068,252677,227391,1016,81.11,86.28,76.04,94432,58194,36238
Gurgaon ,6,HARYANA,18,876824,475612,401212,662969,373164,289805,844,86.3,89.54,82.46,233817,126456,107361
Guwahati ,18,ASSAM,23,963429,502255,461174,798726,426401,372325,918,91.11,92.89,89.16,184065,107093,76972
Gwalior ,23,MADHYA PRADESH,4,1053505,560887,492618,800325,452788,347537,878,85.2,90.85,78.82,169264,100039,69225
Habra ,19,WEST BENGAL,11,149675,76510,73165,125800,66495,59305,956,90.85,94.04,87.53,13824,8682,5142
Hajipur ,10,BIHAR,18,147126,78561,68565,100691,57537,43154,873,79.26,84.78,72.93,16319,11371,4948
Haldia ,19,WEST BENGAL,19,200762,104852,95910,159984,88125,71859,915,89.06,93.7,83.96,17487,10784,6703
Haldwani-cum-Kathgodam ,5,UTTARAKHAND,11,156060,81918,74142,111410,60678,50732,905,81.75,84.84,78.34,34329,17783,16546
Halisahar ,19,WEST BENGAL,11,126893,66654,60239,103789,56921,46868,904,89.25,93.1,84.98,10802,6680,4122
Hanumangarh ,8,RAJASTHAN,2,151104,79817,71287,104285,59883,44402,893,78.32,85.42,70.42,16870,9978,6892
Haora ,19,WEST BENGAL,15,1072161,560577,511584,888817,477781,411036,913,89.86,92.34,87.13,151490,91001,60489
Hapur ,9,UTTAR PRADESH,9,262801,139694,123107,170325,98394,71931,881,75.34,82.08,67.72,28472,16007,12465
Hardoi ,9,UTTAR PRADESH,24,126890,66752,60138,99217,54470,44747,901,87.15,91.07,82.8,29166,17644,11522
Hardwar ,5,UTTARAKHAND,13,225235,120201,105034,169371,94508,74863,874,84.99,88.87,80.55,38835,20223,18612
Hassan ,29,KARNATAKA,20,133723,66380,67343,109564,55610,53954,1015,90.51,92.9,88.17,21042,11784,9258
Hastsal ,7,NCT OF DELHI,7,177033,95068,81965,129653,75259,54394,862,84.68,91.45,76.81,12901,8095,4806
Hathras ,9,UTTAR PRADESH,13,137509,73376,64133,95524,53918,41606,874,79.06,83.88,73.58,18612,10545,8067
Hazaribag ,20,JHARKHAND,15,142494,74267,68227,113693,61630,52063,919,89.95,93.69,85.9,28889,18311,10578
Hindaun ,8,RAJASTHAN,9,105690,56178,49512,69108,41993,27115,881,76.58,87.79,63.94,7964,5291,2673
Hindupur ,28,ANDHRA PRADESH,22,151835,76625,75210,103538,56177,47361,982,76.4,82.18,70.52,11050,6926,4124
Hinganghat ,27,MAHARASHTRA,8,100416,51881,48535,85599,45728,39871,936,94.34,97.91,90.56,11256,6684,4572
Hisar ,6,HARYANA,12,301249,163338,137911,216978,125172,91806,844,81.04,86.13,75,49148,27629,21519
Hoshangabad ,23,MADHYA PRADESH,32,117956,61610,56346,92317,50943,41374,915,87.97,93.22,82.26,18980,11072,7908
Hoshiarpur ,3,PUNJAB,4,168443,88290,80153,135094,72533,62561,908,89.11,91.68,86.3,26629,13069,13560
Hospet ,29,KARNATAKA,11,206159,102923,103236,143776,77678,66098,1003,80.02,86.87,73.23,17556,10567,6989
Hosur ,33,TAMIL NADU,30,116821,59411,57410,91358,48225,43133,966,88.24,91.57,84.79,15530,8254,7276
Hubli-Dharwad ,29,KARNATAKA,8,943857,475980,467877,736506,389290,347216,983,87.28,91.67,82.83,113864,67478,46386
Hugli-Chinsurah ,19,WEST BENGAL,12,177209,88952,88257,152437,78780,73657,992,91.94,94.7,89.16,31236,17939,13297
Ichalkaranji ,27,MAHARASHTRA,34,287570,149691,137879,223752,123878,99874,921,87.85,93.64,81.6,22644,13707,8937
Imphal ,14,MANIPUR ,99,264986,128931,136055,219261,110809,108452,1055,91.7,95.87,87.8,63915,33950,29965
Indore ,23,MADHYA PRADESH,22,1960631,1020883,939748,1516434,827975,688459,921,87.38,91.84,82.55,313525,174270,139255
Jabalpur ,23,MADHYA PRADESH,34,1054336,546561,507775,841399,453820,387579,929,88.9,92.65,84.88,169711,92225,77486
Jagadhri ,6,HARYANA,3,124915,67752,57163,95469,53660,41809,844,85.79,89.04,81.96,18738,9805,8933
Jagdalpur ,22,CHHATTISGARH,15,125345,63910,61435,95303,51905,43398,961,85.44,91.51,79.16,16223,9289,6934
Jaipur ,8,RAJASTHAN,12,3073350,1619280,1454070,2272724,1282140,990584,898,84.34,90.61,77.41,533148,319107,214041
Jalandhar ,3,PUNJAB,3,862196,458015,404181,665625,363500,302125,882,85.5,87.98,82.69,128924,63657,65267
Jalgaon ,27,MAHARASHTRA,3,460468,241228,219240,363778,198426,165352,909,88.96,93.3,84.26,55315,33154,22161
Jalna ,27,MAHARASHTRA,18,285349,147714,137635,209531,116300,93231,932,84.61,91.05,77.74,23959,15360,8599
Jalpaiguri ,19,WEST BENGAL,2,107351,53749,53602,90455,46484,43971,997,91.11,93.67,88.56,20252,11543,8709
Jamalpur ,10,BIHAR,24,105221,56231,48990,81192,45961,35231,871,87.38,92.58,81.4,10638,7165,3473
Jammu ,1,JAMMU & KASHMIR,21,503690,265346,238344,413366,225410,187956,898,89.66,93.13,85.82,121564,65587,55977
Jamnagar ,24,GUJARAT,10,529308,276202,253106,394919,216330,178589,916,82.58,86.97,77.83,52049,29513,22536
Jamshedpur ,20,JHARKHAND,12,629659,327912,301747,494893,270876,224017,920,87.5,92.15,82.47,110962,64276,46686
Jamuria ,19,WEST BENGAL,9,144971,75574,69397,93152,54399,38753,918,73.11,81.73,63.68,5436,3961,1475
Jaunpur ,9,UTTAR PRADESH,63,168128,88704,79424,123245,68005,55240,895,82.11,85.81,77.98,24871,14851,10020
Jehanabad ,10,BIHAR,37,102456,54868,47588,70052,39889,30163,867,79.66,84.58,73.97,8901,6620,2281
Jetpur Navagadh ,24,GUJARAT,9,118550,62331,56219,89110,49677,39433,902,83.86,89.27,77.92,8846,4677,4169
Jhansi ,9,UTTAR PRADESH,35,507293,268101,239192,381771,214375,167396,892,83.81,89.18,77.81,78757,45368,33389
Jhunjhunun ,8,RAJASTHAN,5,118966,61906,57060,76183,44962,31221,922,74.4,84.8,63.22,10403,6482,3921
Jind ,6,HARYANA,9,166225,88561,77664,123267,71129,52138,877,83.63,90.86,75.43,21508,12601,8907
Jodhpur ,8,RAJASTHAN,15,1033918,544057,489861,740011,422120,317891,900,81.56,88.42,73.93,140922,84420,56502
Junagadh ,24,GUJARAT,12,320250,164091,156159,259563,139317,120246,952,88.63,93.23,83.83,36910,20964,15946
Kadapa ,28,ANDHRA PRADESH,20,341823,171797,170026,242540,131847,110693,990,79.38,86.22,72.54,41997,27337,14660
Kaithal ,6,HARYANA,5,144633,76657,67976,103329,59162,44167,887,80.76,87.65,73.07,18095,10125,7970
Kakinada ,28,ANDHRA PRADESH,14,312255,152596,159659,231559,117829,113730,1046,81.23,84.88,77.76,47823,29439,18384
Kalol ,24,GUJARAT,6,112126,59380,52746,88768,49439,39329,888,88.69,93.62,83.18,14208,8671,5537
Kalyani ,19,WEST BENGAL,10,100620,50867,49753,82553,43591,38962,978,88.75,92.79,84.63,17457,9775,7682
Kamarhati ,19,WEST BENGAL,11,336579,174840,161739,275870,147547,128323,925,88.22,90.79,85.43,50367,29437,20930
Kancheepuram ,33,TAMIL NADU,3,164265,81990,82275,132348,69538,62810,1003,88.35,93.14,83.59,18625,10805,7820
Kanchrapara ,19,WEST BENGAL,11,122181,61770,60411,103194,54213,48981,978,90.8,94.51,87.02,13808,8265,5543
Kanpur ,9,UTTAR PRADESH,33,2767031,1502370,1264661,2116973,1172323,944650,842,84.14,85.77,82.21,459611,250241,209370
Kanpur City,9,UTTAR PRADESH,33,108035,58505,49530,77484,44086,33398,847,79.65,83.36,75.23,12635,6841,5794
Karaikkudi ,33,TAMIL NADU,21,106793,53425,53368,88380,46114,42266,999,91.25,95.32,87.19,11778,6464,5314
Karawal Nagar ,7,NCT OF DELHI,3,224666,120284,104382,163801,94870,68931,868,84.57,91.74,76.36,14478,9446,5032
Karimnagar ,28,ANDHRA PRADESH,3,260899,131769,129130,204614,110146,94468,980,86.75,92.61,80.79,52034,33192,18842
Karnal ,6,HARYANA,6,286974,151668,135306,220711,121652,99059,892,86.32,90.55,81.64,52911,27708,25203
Kasganj ,9,UTTAR PRADESH,71,101241,53507,47734,69289,38933,30356,892,78.56,83.97,72.57,13306,7833,5473
Kashipur ,5,UTTARAKHAND,12,121610,63625,57985,89433,49030,40403,911,83.4,87.82,78.61,20036,10750,9286
Katihar ,10,BIHAR,10,225982,119142,106840,155706,87581,68125,897,79.87,84.96,74.16,24259,17105,7154
Khammam ,28,ANDHRA PRADESH,10,184252,91019,93233,136532,71580,64952,1024,81.7,87.14,76.43,29400,18405,10995
Khandwa ,23,MADHYA PRADESH,49,200681,102873,97808,153609,82575,71034,951,86.98,91.53,82.23,24431,13708,10723
Khanna ,3,PUNJAB,7,128130,67811,60319,97022,53108,43914,890,84.43,87.67,80.82,16767,8279,8488
Kharagpur ,19,WEST BENGAL,18,206923,106735,100188,163915,89075,74840,939,86.64,91.22,81.76,24881,14511,10370
Khardaha ,19,WEST BENGAL,11,111130,56792,54338,99848,51668,48180,957,95.5,96.78,94.17,21522,12228,9294
Khargone ,23,MADHYA PRADESH,23,106452,54684,51768,77216,42390,34826,947,82.96,88.94,76.69,12584,7745,4839
Khora ,9,UTTAR PRADESH,9,189410,102669,86741,140013,82194,57819,845,86,93.06,77.62,10482,7313,3169
Khurja ,9,UTTAR PRADESH,11,111089,58577,52512,64643,37048,27595,896,67.63,73.99,60.64,10529,5967,4562
Kirari Suleman Nagar ,7,NCT OF DELHI,1,282598,152135,130463,191624,113079,78545,858,79.22,86.33,70.83,10621,7340,3281
Kishanganj ,10,BIHAR,8,107076,55688,51388,67286,37482,29804,923,74.71,79.84,69.13,7847,5536,2311
Kishangarh ,8,RAJASTHAN,21,155019,80343,74676,106809,61313,45496,929,80.15,89.19,70.52,13054,8153,4901
Kochi ,32,KERALA,8,601574,296668,304906,535318,265256,270062,1028,97.49,98.31,96.69,115773,54538,61235
Kolar ,29,KARNATAKA,27,138553,70064,68489,102978,54121,48857,978,84.02,87.28,80.69,11508,7007,4501
Kolhapur ,27,MAHARASHTRA,34,549283,280820,268463,459999,244256,215743,956,92.12,96.32,87.77,92443,52599,39844
Kolkata ,19,WEST BENGAL,16,4486679,2362662,2124017,3648210,1966122,1682088,899,87.14,89.08,84.98,818476,461615,356861
Kollam ,32,KERALA,13,349033,168076,180957,292641,142714,149927,1077,92.1,93.85,90.5,39521,17708,21813
Korba ,22,CHHATTISGARH,5,363210,188514,174696,267900,151701,116199,927,84.28,91.89,76.06,38726,23427,15299
Kota ,8,RAJASTHAN,29,1001365,529795,471570,738795,422767,316028,890,83.65,90.56,75.9,128652,73452,55200
Kozhikode ,32,KERALA,4,432097,206494,225603,378033,181451,196582,1093,96.8,97.93,95.78,61225,27701,33524
Krishnanagar ,19,WEST BENGAL,10,152203,76700,75503,128574,66262,62312,984,90.92,93.23,88.6,21326,12541,8785
Kulti ,19,WEST BENGAL,9,313977,163819,150158,214889,123380,91509,917,76.58,84.22,68.24,19371,12890,6481
Kumbakonam ,33,TAMIL NADU,19,140113,69350,70763,117500,60262,57238,1020,91.7,95.17,88.3,16862,9458,7404
Kurichi ,33,TAMIL NADU,31,125800,63033,62767,102816,53578,49238,996,90.42,94.13,86.71,13160,6926,6234
Kurnool ,28,ANDHRA PRADESH,21,424920,211875,213045,297490,158744,138746,1006,78.15,83.99,72.39,60589,37618,22971
Lakhimpur ,9,UTTAR PRADESH,22,152010,81050,70960,114526,63317,51209,876,84.39,87.53,80.82,25967,15036,10931
Lalitpur ,9,UTTAR PRADESH,36,133041,69548,63493,98108,55330,42778,913,83.96,90.5,76.78,17013,10255,6758
Latur ,27,MAHARASHTRA,28,382754,198151,184603,291226,160070,131156,932,86.43,92.32,80.19,42355,27669,14686
Loni ,9,UTTAR PRADESH,9,512296,273859,238437,328096,194048,134048,871,75.24,83.14,66.15,15572,10092,5480
Lucknow ,9,UTTAR PRADESH,26,2815601,1470133,1345468,2147564,1161250,986314,915,84.72,87.81,81.36,596990,326431,270559
Ludhiana ,3,PUNJAB,7,1613878,874773,739105,1230218,691161,539057,845,85.38,88.35,81.85,211267,104104,107163
Machilipatnam ,28,ANDHRA PRADESH,16,170008,83561,86447,130173,66337,63836,1035,83.32,86.73,80.05,19872,11957,7915
Madanapalle ,28,ANDHRA PRADESH,23,135669,67432,68237,99486,52994,46492,1012,81.4,87.61,75.31,16385,10050,6335
Madavaram ,33,TAMIL NADU,1,118525,59631,58894,96308,50467,45841,988,90.27,94.19,86.32,18525,10179,8346
Madhyamgram ,19,WEST BENGAL,11,198964,100611,98353,165630,86682,78948,978,90.16,93.37,86.88,27584,16352,11232
Madurai ,33,TAMIL NADU,22,1016885,509313,507572,845990,440419,405571,997,91.42,95.22,87.62,129719,73889,55830
Mahbubnagar ,28,ANDHRA PRADESH,7,157902,79423,78479,119626,64187,55439,988,84.77,90.84,78.69,30286,18972,11314
Mahesana ,24,GUJARAT,4,184133,97212,86921,151773,83642,68131,894,90.99,95.73,85.78,27191,16287,10904
Maheshtala ,19,WEST BENGAL,17,449423,231044,218379,335440,179762,155678,945,82.63,86.08,78.98,33247,19939,13308
Mainpuri ,9,UTTAR PRADESH,17,117327,61481,55846,88548,48215,40333,908,85.95,89.71,81.84,18745,10865,7880
Malegaon ,27,MAHARASHTRA,20,471006,239243,231763,343611,181084,162527,969,86.66,90.16,83.07,22830,13345,9485
Malerkotla ,3,PUNJAB,19,135330,71401,63929,83606,47164,36442,895,70.25,74.82,65.1,9767,5227,4540
Mandoli ,7,NCT OF DELHI,3,120345,64123,56222,84053,48535,35518,877,80.72,87.33,73.15,7274,4596,2678
Mandsaur ,23,MADHYA PRADESH,16,141468,72370,69098,109135,59436,49699,955,86.79,92.74,80.6,18225,10920,7305
Mandya ,29,KARNATAKA,19,137735,68748,68987,105938,55442,50496,1003,85.11,89.54,80.74,16203,9858,6345
Mangalore ,29,KARNATAKA,21,484785,240651,244134,416863,211482,205381,1014,94.03,96.49,91.63,78097,39002,39095
Mango ,20,JHARKHAND,12,224002,116243,107759,169548,92914,76634,927,86.62,91.56,81.29,28682,17145,11537
Mathura ,9,UTTAR PRADESH,14,349336,186586,162750,235976,134597,101379,872,76.75,82.05,70.7,44357,26068,18289
Maunath Bhanjan ,9,UTTAR PRADESH,61,279060,143273,135787,187382,102802,84580,948,78.6,83.95,72.94,20775,12297,8478
Medinipur ,19,WEST BENGAL,18,169127,85362,83765,139303,72948,66355,981,90.01,93.4,86.56,28498,17243,11255
Meerut ,9,UTTAR PRADESH,7,1309023,689567,619456,889729,499928,389801,898,77.7,83.18,71.64,174025,95192,78833
Mira Bhayander ,27,MAHARASHTRA,21,814655,434330,380325,684165,375671,308494,876,93.67,96.41,90.53,118506,65979,52527
Miryalaguda ,28,ANDHRA PRADESH,8,103855,52048,51807,76693,41697,34996,995,82.09,89.3,74.89,13377,8688,4689
Mirzapur-cum-Vindhyachal ,9,UTTAR PRADESH,68,233691,125003,108688,161128,92423,68705,869,78.25,83.85,71.8,25846,16225,9621
Modinagar ,9,UTTAR PRADESH,9,130161,69179,60982,104383,58282,46101,882,90,95.23,84.16,24695,13484,11211
Moga ,3,PUNJAB,8,150432,79760,70672,110764,60698,50066,886,82.09,85,78.82,17762,8356,9406
Moradabad ,9,UTTAR PRADESH,4,889810,466432,423378,550637,302447,248190,908,70.65,74.05,66.9,91999,48955,43044
Morena ,23,MADHYA PRADESH,2,200506,108405,92101,139903,83531,56372,850,80.38,89.08,70.22,21351,14504,6847
Morvi ,24,GUJARAT,9,188278,97860,90418,140779,77826,62953,924,84.59,90.37,78.4,15195,8441,6754
Motihari ,10,BIHAR,2,125183,67438,57745,94926,52904,42022,856,87.2,90.36,83.52,19550,13634,5916
Mughalsarai ,9,UTTAR PRADESH,65,110110,57925,52185,79611,45305,34306,901,82.83,89.63,75.29,11758,7244,4514
Muktsar ,3,PUNJAB,10,117085,62005,55080,79979,45007,34972,888,77.31,82.5,71.53,11785,5931,5854
Munger ,10,BIHAR,24,213101,113173,99928,150435,84571,65864,883,81.83,86.43,76.59,19988,13825,6163
Murwara ,23,MADHYA PRADESH,33,221875,115463,106412,171966,94777,77189,922,87.42,92.77,81.64,27011,15456,11555
Mustafabad ,7,NCT OF DELHI,3,127012,66754,60258,81915,47714,34201,903,76.1,84.33,66.98,4462,2950,1512
Muzaffarnagar ,9,UTTAR PRADESH,2,392451,206902,185549,278405,154902,123503,897,80.99,85.82,75.65,58965,31729,27236
Muzaffarpur ,10,BIHAR,14,351838,186145,165693,263638,145548,118090,890,85.16,88.83,81.05,61914,40575,21339
Mysore ,29,KARNATAKA,23,887446,443813,443633,702896,363157,339739,1000,86.84,89.96,83.73,149306,85019,64287
Nabadwip ,19,WEST BENGAL,10,125528,65300,60228,102793,55569,47224,922,87.75,91.14,84.07,10083,6492,3591
Nadiad ,24,GUJARAT,16,218150,112381,105769,174931,94468,80463,941,88.28,93,83.31,27432,16224,11208
Nagaon ,18,ASSAM,6,116355,59021,57334,98068,52690,45378,971,93.43,98.58,88.08,15273,8798,6475
Nagapattinam ,33,TAMIL NADU,17,102838,50809,52029,81913,42374,39539,1024,89.49,94.27,84.89,8469,4900,3569
Nagaur ,8,RAJASTHAN,14,100618,52220,48398,64028,37179,26849,927,73.05,82.06,63.42,7812,5384,2428
Nagda ,23,MADHYA PRADESH,18,100036,51410,48626,72618,40765,31853,946,81.61,89.46,73.37,9844,5707,4137
Nagercoil ,33,TAMIL NADU,28,224329,110132,114197,195748,97545,98203,1037,95.35,97.03,93.74,34342,17826,16516
Nagpur ,27,MAHARASHTRA,9,2405421,1226610,1178811,2018598,1060359,958239,961,93.13,96.16,89.99,382282,201349,180933
Naihati ,19,WEST BENGAL,11,221762,112773,108989,183458,96626,86832,966,89.79,93.16,86.31,23181,13877,9304
Nalgonda ,28,ANDHRA PRADESH,8,135163,67749,67414,105885,56100,49785,995,87.08,92.23,81.92,26575,16916,9659
Nanded Waghala ,27,MAHARASHTRA,15,550564,286152,264412,421606,231449,190157,924,87.4,92.68,81.74,57736,38146,19590
Nandurbar ,27,MAHARASHTRA,1,111067,57543,53524,85635,46673,38962,930,86.99,92.1,81.56,11451,7441,4010
Nandyal ,28,ANDHRA PRADESH,21,200746,100770,99976,138525,75749,62776,992,76.89,84.12,69.67,22411,14540,7871
Nangloi Jat ,7,NCT OF DELHI,7,205497,110068,95429,147805,85448,62357,867,83.4,90.08,75.7,12692,7779,4913
Narasaraopet ,28,ANDHRA PRADESH,17,116329,58898,57431,84123,45796,38327,975,79.45,85.59,73.18,13872,8984,4888
Nashik ,27,MAHARASHTRA,20,1486973,784995,701978,1198144,658585,539559,894,90.96,94.96,86.51,204014,116855,87159
Navi Mumbai ,27,MAHARASHTRA,21,1119477,611501,507976,911542,519257,392285,831,91.57,95.05,87.33,192624,107448,85176
Navi Mumbai Panvel Raigarh ,27,MAHARASHTRA,24,194999,107771,87228,153608,88833,64775,809,90.72,94.36,86.16,22631,13561,9070
Navsari ,24,GUJARAT,23,160100,82925,77175,128822,69437,59385,931,89.25,93.21,85.02,17425,9219,8206
Neemuch ,23,MADHYA PRADESH,15,128108,67322,60786,97156,54829,42327,903,85.86,92.13,78.9,16428,9669,6759
Nellore ,28,ANDHRA PRADESH,19,505258,257043,248215,387192,205988,181204,966,83.59,87.53,79.52,67787,42377,25410
New Delhi ,7,NCT OF DELHI,99,249998,136438,113560,208352,118453,89899,832,90.93,94.55,86.56,63573,35345,28228
Neyveli ,33,TAMIL NADU,16,105687,53442,52245,90114,47876,42238,978,90.98,95.86,86.01,18507,9716,8791
Nizamabad ,28,ANDHRA PRADESH,2,310467,155163,155304,221829,119603,102226,1001,80.31,86.82,73.83,34574,22062,12512
Noida ,9,UTTAR PRADESH,10,642381,352577,289804,495045,286216,208829,822,88.58,92.9,83.28,143014,80692,62322
North Barrackpur ,19,WEST BENGAL,11,134825,68136,66689,119954,61810,58144,979,94.78,96.84,92.68,23047,13155,9892
North Dum Dum ,19,WEST BENGAL,11,253625,128620,125005,217371,112967,104404,972,91.98,94.34,89.55,40842,24007,16835
Ongole ,28,ANDHRA PRADESH,18,202826,101728,101098,153888,82322,71566,994,83.57,89.41,77.72,32491,20610,11881
Orai ,9,UTTAR PRADESH,34,187185,99564,87621,139256,79478,59778,880,83.31,89.6,76.2,29393,18954,10439
Osmanabad ,27,MAHARASHTRA,29,112085,58098,53987,87041,47577,39464,929,88.15,93.45,82.52,14303,9459,4844
Ozhukarai ,34,PUDUCHERRY,2,300028,148154,151874,244264,126663,117601,1025,90.2,95.06,85.48,50682,28317,22365
Palakkad ,32,KERALA,6,131019,63833,67186,112479,56065,56414,1053,94.2,96.83,91.73,16827,8436,8391
Palanpur ,24,GUJARAT,2,127125,66384,60741,97459,55139,42320,915,86.44,94.14,78.13,15127,9802,5325
Pali ,8,RAJASTHAN,20,229956,120008,109948,156858,92705,64153,916,78.67,89.35,67.08,16234,10768,5466
Pallavaram ,33,TAMIL NADU,3,216308,108381,107927,182201,93828,88373,996,93.26,95.94,90.57,50503,27872,22631
Palwal ,6,HARYANA,21,127931,67887,60044,90937,52028,38909,884,81,87.78,73.42,15837,9276,6561
Panchkula ,6,HARYANA,1,210175,111622,98553,165235,90938,74297,883,87.86,91.31,83.98,62655,32821,29834
Panihati ,19,WEST BENGAL,11,383522,193333,190189,332924,171788,161136,984,92.78,95.05,90.47,58667,34203,24464
Panipat ,6,HARYANA,7,294150,157302,136848,218023,122629,95394,870,84.29,88.83,79.09,37873,19231,18642
Panvel ,27,MAHARASHTRA,24,180464,93135,87329,153138,80790,72348,938,93.98,96.27,91.54,39613,20964,18649
Parbhani ,27,MAHARASHTRA,17,307191,157628,149563,225298,123760,101538,949,84.34,90.71,77.7,30035,19600,10435
Patan ,24,GUJARAT,3,125502,65628,59874,99129,55294,43835,912,87.56,93.66,80.91,13430,8422,5008
Pathankot ,3,PUNJAB,1,148357,77833,70524,119483,64673,54810,906,88.6,91.94,84.96,24038,11974,12064
Patiala ,3,PUNJAB,14,405164,215606,189558,316093,174291,141802,879,86.36,89.59,82.7,86697,43389,43308
Patna ,10,BIHAR,28,1683200,894158,789042,1264523,694580,569943,882,84.71,87.71,81.33,307603,199207,108396
Pilibhit ,9,UTTAR PRADESH,20,130428,68855,61573,88119,48060,40059,894,74.26,76.63,71.61,17508,9986,7522
Pimpri Chinchwad ,27,MAHARASHTRA,25,1729359,945953,783406,1374986,784984,590002,828,90.9,94.63,86.37,249581,141573,108008
Pithampur ,23,MADHYA PRADESH,21,126099,70577,55522,87417,54030,33387,787,82.73,90.49,72.65,5150,3657,1493
Porbandar ,24,GUJARAT,11,152136,78490,73646,119545,65171,54374,938,86.46,91.69,80.92,9853,5671,4182
Port Blair ,35,ANDAMAN & NICOBAR ISLANDS,3,100608,53247,47361,81908,44908,37000,889,89.76,92.79,86.34,12420,6717,5703
Proddatur ,28,ANDHRA PRADESH,20,162816,81368,81448,115011,63111,51900,1001,78.08,86.02,70.2,18151,11844,6307
Puducherry ,34,PUDUCHERRY,2,241773,118205,123568,195861,100419,95442,1045,89.29,93.88,84.91,37830,21086,16744
Pudukkottai ,33,TAMIL NADU,20,117215,58601,58614,98054,50798,47256,1000,92.19,95.78,88.62,15104,8275,6829
Pune ,27,MAHARASHTRA,25,3115431,1602137,1513294,2556743,1361257,1195486,945,91.61,95.13,87.91,656508,349022,307486
Puri ,21,ORISSA,18,201026,104267,96759,164481,88504,75977,928,89.38,92.84,85.66,27062,16978,10084
Purnia ,10,BIHAR,9,280547,148021,132526,178381,100735,77646,895,74.48,79.36,68.98,28193,19787,8406
Puruliya ,19,WEST BENGAL,14,121436,62520,58916,90534,50276,40258,942,82.34,88.76,75.53,14793,9581,5212
Rae Bareli ,9,UTTAR PRADESH,27,191056,99844,91212,142863,78519,64344,914,82.97,87.28,78.25,34959,20169,14790
Raichur ,29,KARNATAKA,5,232456,117408,115048,158452,86973,71479,980,77.47,84.34,70.49,22445,14425,8020
Raiganj ,19,WEST BENGAL,4,183682,96589,87093,133215,72475,60740,902,81.66,84.26,78.76,16788,10419,6369
Raigarh ,22,CHHATTISGARH,4,137097,70234,66863,105512,57679,47833,952,87.55,93.64,81.18,20161,12214,7947
Raipur ,22,CHHATTISGARH,11,1010087,519286,490801,769593,420155,349438,945,86.9,92.39,81.1,147194,84384,62810
Rajahmundry ,28,ANDHRA PRADESH,14,343903,169786,174117,264653,136288,128365,1026,84.28,88.14,80.54,53604,32901,20703
Rajapalayam ,33,TAMIL NADU,24,130119,64624,65495,103172,54622,48550,1013,86.25,92.18,80.43,11024,6514,4510
Rajarhat Gopalpur ,19,WEST BENGAL,11,404991,205560,199431,337188,175680,161508,970,90.91,93.34,88.4,73182,42023,31159
Rajkot ,24,GUJARAT,9,1286995,675731,611264,1026040,559369,466671,905,88.82,92.67,84.61,148048,78946,69102
Rajnandgaon ,22,CHHATTISGARH,9,163122,81873,81249,127042,68134,58908,992,87.95,94.29,81.61,19640,11324,8316
Rajpur Sonarpur ,19,WEST BENGAL,17,423806,215983,207823,357154,188374,168780,962,91.06,94.28,87.71,68707,40399,28308
Ramagundam ,28,ANDHRA PRADESH,3,229632,116920,112712,160646,89722,70924,964,75.54,83.1,67.75,27209,17266,9943
Rampur ,9,UTTAR PRADESH,5,325248,169826,155422,174508,95157,79351,915,60.74,63.4,57.83,30319,16005,14314
Ranchi ,20,JHARKHAND,19,1073440,559031,514409,841652,459317,382335,920,88.49,92.87,83.75,200849,120922,79927
Ranibennur ,29,KARNATAKA,10,106365,53933,52432,85298,43234,42064,972,89.98,90.16,89.8,9747,6122,3625
Raniganj ,19,WEST BENGAL,9,128624,67150,61474,89293,50250,39043,915,78.47,84.61,71.77,9719,6225,3494
Ratlam ,23,MADHYA PRADESH,17,264810,135007,129803,207742,111921,95821,961,87.88,93.09,82.48,36589,20861,15728
Raurkela Industrial Township ,21,ORISSA,5,210412,109823,100589,164546,90631,73915,916,86.6,91.54,81.22,22887,12544,10343
Raurkela Town ,21,ORISSA,5,273217,144949,128268,214744,119761,94983,885,87.95,92.37,82.94,38314,22541,15773
Rewa ,23,MADHYA PRADESH,13,235422,124634,110788,185291,103599,81692,889,87.74,92.91,81.95,41109,25406,15703
Rewari ,6,HARYANA,17,140864,74689,66175,110205,61933,48272,886,88.25,94.22,81.61,22539,12960,9579
Rishra ,19,WEST BENGAL,12,124585,66767,57818,100581,56155,44426,866,88.89,92.43,84.78,14585,9452,5133
Robertson Pet ,29,KARNATAKA,27,146428,72378,74050,119258,61304,57954,1023,89.6,93.23,86.05,13400,7030,6370
Rohtak ,6,HARYANA,14,373133,197754,175379,279509,155679,123830,887,84.08,88.94,78.68,65881,35890,29991
Roorkee ,5,UTTARAKHAND,13,118188,63508,54680,96674,53928,42746,861,90.7,94.33,86.49,30594,16630,13964
Rudrapur ,5,UTTARAKHAND,12,140884,74276,66608,88700,51407,37293,897,73.21,80.41,65.17,14678,8208,6470
S.A.S. Nagar ,3,PUNJAB,18,146104,76441,69663,123930,66100,57830,911,93.22,95.15,91.1,57323,30110,27213
Sagar ,23,MADHYA PRADESH,10,273357,142655,130702,217632,119068,98564,916,90.23,94.55,85.52,39717,23428,16289
Saharanpur ,9,UTTAR PRADESH,1,703345,371858,331487,479218,265417,213801,891,77.94,81.71,73.72,80749,42772,37977
Saharsa ,10,BIHAR,12,155175,82589,72586,101425,58689,42736,879,77.66,84.11,70.27,18307,13209,5098
Salem ,33,TAMIL NADU,7,831038,418337,412701,642662,341725,300937,987,84.8,89.72,79.84,93297,54325,38972
Sambalpur ,21,ORISSA,3,183383,94627,88756,141329,76545,64784,938,85.74,90.3,80.92,26095,16194,9901
Sambhal ,9,UTTAR PRADESH,4,221334,116008,105326,92608,51382,41226,908,49.51,52.27,46.45,10580,5780,4800
Sangli Miraj Kupwad ,27,MAHARASHTRA,35,502697,255270,247427,397395,212703,184692,969,88.08,93.39,82.67,60752,34112,26640
Santipur ,19,WEST BENGAL,10,151774,77044,74730,113028,60420,52608,970,81.43,85.73,77,7213,4725,2488
Sasaram ,10,BIHAR,32,147396,77687,69709,105378,58900,46478,897,82.31,87.26,76.78,18844,13181,5663
Satara ,27,MAHARASHTRA,31,120079,61075,59004,101320,53241,48079,966,92.91,96.38,89.34,22292,12269,10023
Satna ,23,MADHYA PRADESH,12,280248,147924,132324,214468,120464,94004,895,86.33,92,80.01,37695,23396,14299
Sawai Madhopur ,8,RAJASTHAN,10,120998,63223,57775,85472,50438,35034,914,80.85,91.62,69.16,13480,8980,4500
Secunderabad ,28,ANDHRA PRADESH,5,213698,111664,102034,170148,92956,77192,914,87.75,91.54,83.59,42492,23836,18656
Sehore ,23,MADHYA PRADESH,28,108818,56284,52534,82066,44937,37129,933,85.52,90.71,79.99,13887,8074,5813
Seoni ,23,MADHYA PRADESH,39,102377,52354,50023,83832,44862,38970,955,91.16,95.68,86.45,16335,9574,6761
Serampore ,19,WEST BENGAL,12,183339,94514,88825,153460,81592,71868,940,89.99,92.75,87.05,30060,17706,12354
Shahjahanpur ,9,UTTAR PRADESH,21,327975,173133,154842,200804,112011,88793,894,68.92,72.87,64.5,33510,18302,15208
Shamli ,9,UTTAR PRADESH,2,107233,57236,49997,76650,43469,33181,874,81.97,87.64,75.57,13343,7245,6098
Shikohabad ,9,UTTAR PRADESH,16,107300,57017,50283,77060,43030,34030,882,81.68,86.21,76.59,15351,9119,6232
Shillong ,17,MEGHALAYA,6,143007,70028,72979,119313,59420,59893,1042,92.34,94.46,90.33,25113,12466,12647
Shimla ,2,HIMACHAL PRADESH,11,169758,93364,76394,147799,82486,65313,818,94.67,95.75,93.35,43353,23822,19531
Shimoga ,29,KARNATAKA,14,322428,161978,160450,255971,133191,122780,991,88.02,91.32,84.7,37463,21835,15628
Shivpuri ,23,MADHYA PRADESH,6,179972,95227,84745,124641,72107,52534,890,79.24,86.72,70.86,22320,13796,8524
Sikar ,8,RAJASTHAN,13,237579,123156,114423,158413,91403,67010,929,77.13,86.29,67.37,20786,13799,6987
Silchar ,18,ASSAM,17,172709,86812,85897,144255,74082,70173,989,91.74,93.97,89.5,22274,12716,9558
Siliguri ,19,WEST BENGAL,99,509709,261218,248491,394366,209792,184574,951,85.46,88.82,81.94,65003,38470,26533
Singrauli ,23,MADHYA PRADESH,46,220295,117276,103019,147527,87870,59657,878,77.35,86.28,67.11,18047,11646,6401
Sirsa ,6,HARYANA,11,183282,96806,86476,135435,75796,59639,893,83.03,88.5,76.98,24453,13473,10980
Sitapur ,9,UTTAR PRADESH,23,177351,93410,83941,131995,72197,59798,899,83.11,86.42,79.43,28003,15740,12263
Siwan ,10,BIHAR,16,134458,70670,63788,98898,56152,42746,903,84.65,91.71,76.89,14545,9727,4818
Solapur ,27,MAHARASHTRA,30,951118,482194,468924,710180,390335,319845,972,83.88,91.31,76.3,88638,54159,34479
Sonipat ,6,HARYANA,8,277053,147933,129120,215609,121821,93788,873,87.56,93.21,81.17,46858,25676,21182
South Dum Dum ,19,WEST BENGAL,11,410524,206558,203966,356092,183454,172638,987,92.82,95.14,90.48,102942,57940,45002
Srikakulam ,28,ANDHRA PRADESH,11,126003,62583,63420,97904,52029,45875,1013,85.13,91.44,78.95,21745,14125,7620
Srinagar ,1,JAMMU & KASHMIR,10,1192792,631916,560876,741441,428915,312526,888,70.98,77.61,63.52,135783,75825,59958
Sujangarh ,8,RAJASTHAN,4,101528,52078,49450,64716,37914,26802,950,74.55,85.58,63.06,5284,3664,1620
Sultan Pur Majra ,7,NCT OF DELHI,1,181624,95816,85808,125557,72458,53099,896,79.78,87.33,71.37,7390,4719,2671
Sultanpur ,9,UTTAR PRADESH,48,107914,56674,51240,85656,46736,38920,904,88.63,92.18,84.7,20475,12130,8345
Surat ,24,GUJARAT,25,4462002,2538243,1923759,3499228,2082588,1416640,758,89.03,92.76,84.05,278795,160566,118229
Surendranagar Dudhrej ,24,GUJARAT,8,177827,92728,85099,135879,75906,59973,918,85.34,91.73,78.41,17558,10540,7018
Suryapet ,28,ANDHRA PRADESH,8,105250,52138,53112,81366,43143,38223,1019,84.88,91.18,78.74,14203,9485,4718
Tadepalligudem ,28,ANDHRA PRADESH,15,103577,51176,52401,78557,40283,38274,1024,83.1,86.6,79.71,11527,7258,4269
Tadpatri ,28,ANDHRA PRADESH,22,108249,54027,54222,69948,39781,30167,1004,72.17,82.51,61.93,8618,5762,2856
Tambaram ,33,TAMIL NADU,3,176807,90803,86004,150667,79383,71284,947,93.72,95.81,91.5,35148,19571,15577
Tenali ,28,ANDHRA PRADESH,17,164649,81324,83325,125275,64968,60307,1025,82.63,86.98,78.41,22433,13780,8653
Thane ,27,MAHARASHTRA,21,1818872,966293,852579,1491552,817828,673724,882,91.36,94.19,88.14,241148,129214,111934
Thanesar ,6,HARYANA,4,154962,83655,71307,119482,67646,51836,852,85.73,89.89,80.85,32979,18192,14787
Thanjavur ,33,TAMIL NADU,19,222619,109291,113328,186643,94696,91947,1037,91.48,94.97,88.14,33652,18483,15169
Thiruvananthapuram ,32,KERALA,14,752490,364657,387833,647479,316614,330865,1064,93.72,94.94,92.58,151257,72759,78498
Thoothukkudi ,33,TAMIL NADU,26,237374,118039,119335,202105,102369,99736,1011,94.47,96.42,92.56,31795,16516,15279
Thrissur ,32,KERALA,7,315596,151999,163597,282338,136694,145644,1076,97.24,98.31,96.26,53535,24392,29143
Tiruchirappalli ,33,TAMIL NADU,13,846915,418128,428787,705492,359975,345517,1025,91.32,94.66,88.08,123329,67987,55342
Tirunelveli ,33,TAMIL NADU,27,474838,234643,240195,391972,201509,190463,1024,90.98,94.99,87.08,59397,33536,25861
Tirupati ,28,ANDHRA PRADESH,23,287035,145977,141058,229730,123449,106281,966,87.55,92.74,82.21,55454,34588,20866
Tiruppur ,33,TAMIL NADU,32,444543,227469,217074,350206,189496,160710,954,87.67,92.69,82.41,33358,18431,14927
Tiruvannamalai ,33,TAMIL NADU,5,144683,72351,72332,106256,55585,50671,1000,81.64,85.6,77.7,16502,9655,6847
Tiruvottiyur ,33,TAMIL NADU,1,248059,124852,123207,197646,103197,94449,987,88.21,91.59,84.8,25781,13493,12288
Titagarh ,19,WEST BENGAL,11,118426,63936,54490,87356,50566,36790,852,81.18,86.87,74.47,5643,3898,1745
Tonk ,8,RAJASTHAN,22,165363,84927,80436,98819,57170,41649,947,69.47,78.7,59.85,11776,7537,4239
Tumkur ,29,KARNATAKA,17,305821,155406,150415,237424,123904,113520,968,85.97,88.39,83.47,42163,25617,16546
Udaipur ,8,RAJASTHAN,32,451735,234681,217054,366598,200051,166547,925,90.66,95.56,85.39,92090,51475,40615
Udgir ,27,MAHARASHTRA,28,104063,54445,49618,78051,43518,34533,911,85.78,91.59,79.43,9924,6900,3024
Udupi ,29,KARNATAKA,15,125350,62031,63319,108041,54690,53351,1021,93.89,96.51,91.35,22444,11795,10649
Ujjain ,23,MADHYA PRADESH,18,515215,265291,249924,391470,214481,176989,942,85.55,91.16,79.62,72743,41616,31127
Ulhasnagar ,27,MAHARASHTRA,21,506937,270373,236564,408959,227975,180984,875,89.21,93.1,84.75,43561,23087,20474
Uluberia ,19,WEST BENGAL,15,222175,114144,108031,159826,86210,73616,946,81.13,85.23,76.82,11384,7234,4150
Unnao ,9,UTTAR PRADESH,25,178681,94080,84601,134018,73411,60607,899,83.72,87.26,79.8,27220,15670,11550
Uttarpara Kotrung ,19,WEST BENGAL,12,162386,82815,79571,137869,71976,65893,961,91.16,93.48,88.75,35773,20981,14792
Vadodara ,24,GUJARAT,19,1666703,866701,800002,1394952,747280,647672,923,92.37,95.51,88.99,279959,153236,126723
Valsad ,24,GUJARAT,24,114987,58958,56029,97687,51447,46240,950,92.7,95.56,89.72,18980,10382,8598
Varanasi ,9,UTTAR PRADESH,66,1201815,636860,564955,859379,477807,381572,887,80.12,84.11,75.63,172622,101440,71182
Vasai Virar City ,27,MAHARASHTRA,21,1221233,649535,571698,987916,548138,439778,880,91.15,94.86,86.9,129954,70016,59938
Vellore ,33,TAMIL NADU,4,185895,91464,94431,145192,75321,69871,1032,86.67,91.68,81.84,15592,8912,6680
Veraval ,24,GUJARAT,12,153696,78161,75535,106540,59874,46666,966,78,86.58,69.21,10089,6246,3843
Vidisha ,23,MADHYA PRADESH,26,155959,81424,74535,118678,65802,52876,915,86.88,92.29,80.98,22023,13177,8846
Vijayawada ,28,ANDHRA PRADESH,16,1048240,524918,523322,789038,411677,377361,997,82.59,86.24,78.94,135425,81146,54279
Visakhapatnam,28,ANDHRA PRADESH,13,1730320,875199,855121,1298896,698959,599937,977,82.66,88.02,77.18,250549,148824,101725
Vizianagaram ,28,ANDHRA PRADESH,12,227533,111596,115937,169461,89155,80306,1039,81.85,88.18,75.8,30656,19173,11483
Warangal ,28,ANDHRA PRADESH,9,620116,310400,309716,475247,258111,217136,998,84.16,91.54,76.79,109613,69507,40106
Wardha ,27,MAHARASHTRA,8,105543,53241,52302,90091,46752,43339,982,94.05,97.19,90.88,19363,10645,8718
Yamunanagar ,6,HARYANA,3,216628,115404,101224,166419,92164,74255,877,85.91,89.61,81.71,29803,14349,15454
Yavatmal ,27,MAHARASHTRA,14,116714,58717,57997,96980,50419,46561,988,91.81,95.45,88.17,13511,7397,6114
